{
  "stream": "snd/sprite",
  "sprite": {
    "silence": [
      0,
      100,
      true
    ],
    "collected": [
      200,
      3000
    ],
    "deal": [
      3300.0000000000005,
      212.69841269841282
    ],
    "put": [
      4400,
      229.9319727891156
    ],
    "take": [
      5500,
      154.30839002267584
    ]
  }
}